year,trades,months,trades_per_month,win_rate,avg_r,total_r
2023,10.0,1.0,10.0,0.1,-0.5420600078821988,-5.4206000788219875
