year,trades,months,trades_per_month,win_rate,avg_r,total_r
2023,198.0,12.0,16.5,0.13131313131313133,0.2025613722667111,40.10715170880879
