year,trades,months,trades_per_month,win_rate,avg_r,total_r
2024,205.0,12.0,17.083333333333332,0.08292682926829269,0.018685964937824668,3.830622812254057
