year,trades,months,trades_per_month,win_rate,avg_r,total_r
2025,81.0,7.0,11.571428571428571,0.1111111111111111,0.02822454353878755,2.2861880266417915
