timing_class,n,win,avgR,medR
after_confirm,49.0,0.6938775510204082,4.44720789414667,5.5
M7,45.0,0.5777777777777777,3.5302264921563165,3.75
other,44.0,0.5227272727272727,2.7448767839019035,2.083333333333333
frontrun,19.0,0.631578947368421,3.5696988683830795,4.5
